file_name,file_size,entropy,keyword_count,api_hit_count,has_mz_header,has_url,has_network,label
AEM_UI-kit-WKND.xd,22023981,7.998676,0,0,0,1,0,0
Switch2Case.blend1,458182,4.116514,0,0,0,0,0,0
root_ut_logo.jpg,5705,7.801547,0,0,0,0,0,0
.DS_Store,10244,1.552306,0,0,0,0,0,0
ben.md,154,4.766236,2,0,0,0,1,0
Ultrasonic Sensor.py,1181,4.964404,0,0,0,0,0,0
digitalocean,444,5.618944,0,0,0,0,0,0
Tweaked TOTP.py,1847,4.928406,0,0,0,0,0,0
Ball-Marker copy.stl,1718384,5.957094,0,0,0,0,0,0
135-exam-3-jeopardy.html,91441,4.413349,0,0,0,1,0,0
readme_sample.txt,233,4.607457,0,0,0,0,0,0
GoalsPage.css,4982,5.051112,0,0,0,0,0,0
ssh_config,1925,4.881409,0,0,0,0,0,0
ping1.jpeg,1086505,7.976067,0,0,0,0,0,0
Game of Thrones.ttf,28784,5.644392,0,0,0,0,0,0
test.pdf,8300,7.786320,0,0,0,0,0,0
package.json,154,4.257600,0,0,0,0,0,0
pg15381-images-3.epub,156996,7.882671,0,0,0,0,0,0
Screenshot 2025-12-11 at 4.33.04 PM copy.png,2219737,7.984246,0,0,0,1,0,0
GoalsPage.jsx,5772,4.733273,0,0,0,0,0,0
Dramatic VineInstagram Boom - Sound Effect (HD) (1).mp3,75996,7.664161,0,0,0,0,0,0
FTP.py,2182,5.088883,0,0,0,1,1,0
JD.conf,349,5.635761,0,0,0,1,0,0
JosephDiMartinoResume copy.pdf,113661,7.989083,0,0,0,0,0,0
Info.plist,10276,4.641746,0,0,0,1,0,0
DeepNeuralNetworkFiles.zip,7310391,7.998077,0,0,0,0,0,0
pg19323-images-3.epub,297559,7.945726,0,0,0,0,0,0
version.plist,475,5.242706,0,0,0,1,0,0
a410c89db9140ed9dff55bff00b0338fbdffcc709490782c7b28e8a10c11eb3b.exe,1282048,6.466786,2,1,1,1,1,1
eefc0f986dd3ea376a4a54f80ce0dc3e6491165aefdd7d5d6005da3892ce248f.exe,4233610,7.867305,1,2,1,1,0,1
8853de0df86223a9a810815f82167dd9970b934d7c0ef6b53b6d913c9fbc43ec.bat,1224766,5.815433,0,0,0,0,0,1
9e1af8b1e0eb5d851c79b903380f4df31602324da7e04ab44cb2b706fdaa81ce.exe,3609048,6.346352,1,4,1,0,1,1
88313d63ba997c3cc9279cb5b1f8450517d08a06c8a074c42e733a8468b42c31.dll,1102336,6.669017,2,1,1,1,1,1
dba68a3035a409a34c848cb1218399fb7c9be87e45d0ed618e2d56f5fba19fb3.exe,285696,5.713900,2,2,1,0,1,1
.DS_Store,12292,2.081086,0,0,0,0,0,1
fake_malware.txt,143,4.528157,7,3,0,1,1,1
fe265b0d23b986e39cf974a0be6f238f68d3d686c401866ba8a87e9a23cde0be.msi,2699776,6.819410,1,3,0,1,1,1
50b50b5a67e6dc6c7aa8e285ff79cdc3430867a7e36f316bccab279e155ab893.sh,45527,5.712752,0,0,0,1,0,1
4eabbb925907b805a51e6f4b5cfa547a3505114c6564358dcbe69c433483ff87.exe,3314688,6.550047,2,1,1,1,1,1
3d9c9be6ebf52a46fe919cdbfdba0562e7d7591956c0d92482e8679ea439929d.exe,1473664,6.712035,1,3,1,0,1,1
scriptembed.md,29,3.978334,0,0,0,0,0,1
suspicious_sample.txt,322,4.746412,3,3,1,1,1,1
03f48ca747db8e2aa6a18cb5234bffd89014714d59483ddc8df7b3d3be08c368.hta,170514,4.804640,0,0,0,0,1,1
a061ccffe0c986d0ecfe0147b5097df8df189b9667f0b63d19a96485ce751c21.exe,199496,6.132831,0,3,1,1,1,1
aba22b2ddc6bdf2815a7193327f52b8877821f287b751dbce9da43bf4ecd1679.exe,7057920,4.957076,1,1,1,1,0,1
8606bf2c5b1c46df441d3de4d23d4f2dd5832e621f1c3312102cfbd3026ca4be.elf,136482,6.004222,0,0,0,1,0,1
57a4ed505738da72242691394ce87e591deb35e7a1a7c546f70be230b89e2b44.exe,1651200,6.417431,1,3,1,0,1,1
46f5eea70d536f7affe40409d7aaa5fa0009f0dc4538ba2867cb7569737db859.ps1,11022,4.776496,3,0,0,0,0,1
930de81fcc908d132279595cd9e23416116a5066f95509f49f586fc049fda534.exe,4193792,6.539004,2,1,1,1,1,1
9fb8a940492ee6095a24b4a34ecfa252a515fb681f16636a8f00b1e0e7d47fe2.apk,780761,7.972148,0,0,0,0,0,1
dc67467a39b70d1cd4c1f7f7a459b35058163592f4a9e8fb4dffcbba98ef210c.js,3735207,5.349333,7,0,0,1,1,1
dc807e98a912e76bb17b82f71b21ae50375f3575316ba3751e733f1f35d537b3.bat,1224211,5.792430,0,0,0,0,0,1
2f810da956fed7faf74c8ce2cf65638ccdaa92b282dc7492592d7aedce280c44.dll,187392,6.081478,2,0,1,1,0,1
8c8f5f095d65d3f33ce89a77dfbe84a79bb29d2e0073a57a23dcc014d0683c2e.ps1,11019,4.776744,3,0,0,0,0,1
0de8543897c9b92326c552911780ac07e2972f50fa452cbc348f7303aea5b09f.bat,1223112,5.688988,0,0,0,0,0,1
3c25e70be79c3f4728f257f560a9499f01a42f42d976da4f120f0eec0e9d1309.bat,47954,5.763515,0,0,0,0,0,1
760170915dfb3775fa540262fa308769818dd3fe908f9bf088c458df7de5ca58.exe,3313664,6.550607,2,1,1,1,1,1
fd47d510225f93555ed1c3454f9d2fb299f08d9845cba08a096be501e3e1e084.elf,52800,6.208179,0,0,0,1,0,1
ed8560c1ac7ceb6983ba995124d5917dc1a00288912387a6389296637d5f815c.ps1,10656,4.808941,3,0,0,0,0,1
94714281345e7a8502f05edc3f192bb7889702a5cb2b31adcbae49e5d59c7b8b.rar,414042,7.998445,0,0,0,0,0,1
